{"cameraMode":{"drawMode":0,"name":"Shaded","section":"Shading Mode"},"sceneLighting":true,"audioPlay":false,"sceneViewState":{"m_AlwaysRefresh":false,"showFog":true,"showSkybox":true,"showFlares":true,"showImageEffects":true,"showParticleSystems":true,"showVisualEffectGraphs":true,"m_FxEnabled":true},"in2DMode":false,"pivot":{"x":-29.543397903442384,"y":16.0843505859375,"z":-117.98284149169922},"rotation":{"x":-0.12742407619953156,"y":0.024393953382968904,"z":-0.003134980099275708,"w":-0.9915462136268616},"size":9.550000190734864,"orthographic":false}